Q_Title,Q_Votes,tags
What does the “yield” keyword do?,8446,"python,iterator,generator,yield,coroutine"
How do I parse a string to a float or int in Python?,1791,"python,parsing,floating-point,type-conversion,integer"
How do I install pip on macOS or OS X?,1676,"python,macos,pip,install"
How to clone or copy a list?,1744,"python,list,copy,clone"
What does ** (double star/asterisk) and * (star/asterisk) do for parameters?,1617,"python,syntax,parameter-passing,identifier,kwargs"
"In Python, how do I read a file line-by-line into a list?",1749,"python,string,file,readlines"
Is there a way to substring a string in Python?,1631,"python,string"
How do you split a list into evenly sized chunks?,1621,"python,list,split,chunks"
How to concatenate two lists in Python?,1688,"python,list"
Is there a way to run Python on Android? [closed],1936,"android,python,jython,ase,android-scripting"
Catch multiple exceptions in one line (except block),2000,"python,exception,exception-handling"
Add new keys to a dictionary?,1958,"python,dictionary"
Why is reading lines from stdin much slower in C++ than Python?,1494,"c++,python,benchmarking,readline,getline"
How can I make a time delay in Python?,2072,"python,delay,sleep,timedelay"
Understanding Python super() with __init__() methods [duplicate],2014,"python,class,oop,inheritance,super"
Delete a file or folder,1493,"python,file-io,folder,delete-file"
How to get the current time in Python,2005,"python,datetime,time"
How do I pass a variable by reference?,2083,"python,reference,parameter-passing,pass-by-reference"
Converting string into datetime,1510,"python,datetime"
Are static class variables possible?,1529,"python,class,methods,static,class-variables"
How do I copy a file in Python?,1514,"python,file,copy,filesystems,copyfile"
How to convert string to lowercase in Python,1532,"python,string,unicode,uppercase,lowercase"
Find current directory and file's directory [duplicate],1540,"python,directory"
How to get the number of elements in a list in Python?,1572,"python,list"
Making a flat list out of list of lists in Python,2140,"python,list,multidimensional-array,flatten"
Print in terminal with colors?,1546,"python,unicode,terminal,ansi-colors"
Manually raising (throwing) an exception in Python,1579,"python,exception,exception-handling"
“Least Astonishment” and the Mutable Default Argument,2091,"python,language-design,least-astonishment"
Difference between __str__ and __repr__?,2142,"python,magic-methods,repr"
Finding the index of an item given a list containing it in Python,2302,"python,list"
Iterating over dictionaries using 'for' loops,2177,"python,python-2.7,dictionary"
How do I install pip on Windows?,2250,"python,windows,installation,pip,easy-install"
Accessing the index in 'for' loops?,2615,"python,loops,list"
Check if a given key already exists in a dictionary,2256,"python,dictionary"
Using global variables in a function,2514,"python,global-variables,scope"
Understanding Python's slice notation,2346,"python,list,slice"
How to make a chain of function decorators?,2403,"python,decorator,python-decorators"
What is the difference between @staticmethod and @classmethod in Python?,2730,"python,oop,methods,python-decorators"
Difference between append vs. extend list methods in Python,2741,"python,list,data-structures,append,extend"
Does Python have a string 'contains' substring method?,2975,"python,string,substring,contains"
How do I check if a list is empty?,2790,"python,list,is-empty"
How do I list all files of a directory?,2902,"python,directory"
How do I sort a dictionary by value?,2978,"python,sorting,dictionary"
How can I safely create a nested directory in Python?,3046,"python,exception,path,directory,operating-system"
How to merge two dictionaries in a single expression?,3306,"python,dictionary,merge"
Calling an external command in Python,3711,"python,shell,command,subprocess,external"
What does if __name__ == “__main__”: do?,4246,"python,namespaces,main,python-module,idioms"
How do I check whether a file exists?,4444,"python,file"
What are metaclasses in Python?,4656,"python,oop,metaclass,python-datamodel"
Does Python have a ternary conditional operator?,4530,"python,operators,ternary-operator,conditional-operator,python-2.5"
Q_Title,Q_Votes,tags
What does the “yield” keyword do?,8446,"python,iterator,generator,yield,coroutine"
How do I parse a string to a float or int in Python?,1791,"python,parsing,floating-point,type-conversion,integer"
Is there a way to substring a string in Python?,1631,"python,string"
What does ** (double star/asterisk) and * (star/asterisk) do for parameters?,1617,"python,syntax,parameter-passing,identifier,kwargs"
How do you split a list into evenly sized chunks?,1621,"python,list,split,chunks"
How do I install pip on macOS or OS X?,1676,"python,macos,pip,install"
How to clone or copy a list?,1744,"python,list,copy,clone"
"In Python, how do I read a file line-by-line into a list?",1749,"python,string,file,readlines"
How to concatenate two lists in Python?,1688,"python,list"
Is there a way to run Python on Android? [closed],1936,"android,python,jython,ase,android-scripting"
Add new keys to a dictionary?,1958,"python,dictionary"
Catch multiple exceptions in one line (except block),2000,"python,exception,exception-handling"
How to get the current time in Python,2005,"python,datetime,time"
How can I make a time delay in Python?,2072,"python,delay,sleep,timedelay"
Understanding Python super() with __init__() methods [duplicate],2014,"python,class,oop,inheritance,super"
Why is reading lines from stdin much slower in C++ than Python?,1494,"c++,python,benchmarking,readline,getline"
Delete a file or folder,1493,"python,file-io,folder,delete-file"
How do I pass a variable by reference?,2083,"python,reference,parameter-passing,pass-by-reference"
Manually raising (throwing) an exception in Python,1579,"python,exception,exception-handling"
Converting string into datetime,1510,"python,datetime"
How do I copy a file in Python?,1514,"python,file,copy,filesystems,copyfile"
Print in terminal with colors?,1546,"python,unicode,terminal,ansi-colors"
Are static class variables possible?,1529,"python,class,methods,static,class-variables"
Find current directory and file's directory [duplicate],1540,"python,directory"
How to get the number of elements in a list in Python?,1572,"python,list"
How to convert string to lowercase in Python,1532,"python,string,unicode,uppercase,lowercase"
Difference between __str__ and __repr__?,2142,"python,magic-methods,repr"
Iterating over dictionaries using 'for' loops,2177,"python,python-2.7,dictionary"
Making a flat list out of list of lists in Python,2140,"python,list,multidimensional-array,flatten"
Finding the index of an item given a list containing it in Python,2302,"python,list"
Check if a given key already exists in a dictionary,2256,"python,dictionary"
How do I install pip on Windows?,2250,"python,windows,installation,pip,easy-install"
Understanding Python's slice notation,2346,"python,list,slice"
“Least Astonishment” and the Mutable Default Argument,2091,"python,language-design,least-astonishment"
Using global variables in a function,2514,"python,global-variables,scope"
How to make a chain of function decorators?,2403,"python,decorator,python-decorators"
Accessing the index in 'for' loops?,2615,"python,loops,list"
What is the difference between @staticmethod and @classmethod in Python?,2730,"python,oop,methods,python-decorators"
Difference between append vs. extend list methods in Python,2741,"python,list,data-structures,append,extend"
How do I check if a list is empty?,2790,"python,list,is-empty"
Does Python have a string 'contains' substring method?,2975,"python,string,substring,contains"
How do I sort a dictionary by value?,2978,"python,sorting,dictionary"
How do I list all files of a directory?,2902,"python,directory"
How can I safely create a nested directory in Python?,3046,"python,exception,path,directory,operating-system"
How to merge two dictionaries in a single expression?,3306,"python,dictionary,merge"
What are metaclasses in Python?,4656,"python,oop,metaclass,python-datamodel"
Calling an external command in Python,3711,"python,shell,command,subprocess,external"
What does if __name__ == “__main__”: do?,4246,"python,namespaces,main,python-module,idioms"
Does Python have a ternary conditional operator?,4530,"python,operators,ternary-operator,conditional-operator,python-2.5"
How do I check whether a file exists?,4444,"python,file"
